question,option1,option2,option3,option4,answer,explanation,course/subject,instruction,tags(Coma Seprate),isShow
,(A) Refraction,(B) Reflection,(C) The transparency of water,(D) Dispersion,Answer: Option A,,PHYSICS,,,True
Stars appears to move from east to west because,(A) Refraction,(B) The earth rotates from west to east,(C) The earth rotates from east to west,(D) The background of the stars moves from west to east,Answer: Option B,,PHYSICS,,,True
Convex lenses are used for the correction of,"(A) Lon
g
-
Sightedness","(B) Short
-",(C) Cataract,(D) None of these,Answer: Option A,,PHYSICS,,,True
Red light is used in traffic signals because,(A) It has the longest wavelength,(B) It is beautiful,(C) It is visible to people even with bad eyesight,"(D) N
one of these",Answer: Option A,,PHYSICS,,,True
,(A) Graphite,(B) Charcoal,(C) Lead oxide,(D) Lampblack,Answer: Option A,,PHYSICS,,,True
,(A) Light energy into heat energy,(B) Solar energy into electrical energy,(C) Solar energy into sound energy,(D) Solar energy into heat energy,Answer: Option B,,PHYSICS,,,True
The image formed on the retina of the eye is,(A) Real and Inverted,(B) Upright and Real,(C) Virtual and Upright,(D) Enlarged and Real,Answer: Option A,,PHYSICS,,,True
The image formed on the retina of the eye is,(A) Refraction of the blue light by the impurities in sea water,(B) Reflection of blue sky by the sea water,(C) Absorption of other colours except the blue colour by water molecules,"(D) Scatte
ring of blue light by water molecules",Answer: Option B,,PHYSICS,,,True
Rainbow is due to,(A) Absorption of sunlight in minute water droplets,(B) Diffusion of sunlight through water droplets,"(C) 
Ionization","(D) Refraction and reflection of 
sunlight by water droplets",Answer: Option D,,PHYSICS,,,True
Rainbow is due to,(A) Pressure difference,(B) Low viscosity of oil,(C) Capillary action,(D) Gravitational force,Answer: Option C,,PHYSICS,,,True
"Food is cooked in a pr
essure cooker quickly because",(A) Boiling point of water decreases,(B) Boiling point of water increases,(C) It absorbs heat quickly,(D) Gravitational force,Answer: Option B,,PHYSICS,,,True
A glass tumbler containing ice shows droplets of,(A) The outer surface of the tumbler shows hygroscopic effect,(B) The moisture in the air on coming in contact with the cold surface of the tumbler condenses,"(C) Water from inside oozes o
ut through minute porous wall of the tumbler",(D) Both (A) and (C),Answer: Option B,,PHYSICS,,,True
The sky appears blue because,(A) It is actually blue,(B) The atmosphere scatters blue light more than the others,(C) All colours interface to produce blue,(D) Both (A) and (C),Answer: Option B,,PHYSICS,,,True
"A thick glass tumbler cracks more easily than a thin one when hot water is poured into it. 
Why?",(A) Thick glass is more brittle than thin glass.,"(B) Thick glass is of inferior quality
.",(C) The inner surface of the tumbler expands more than its outer surface.,(D) The outer surface of the tumbler expands more than its inner surface.,Answer: Option C,,PHYSICS,,,True
"Let a thin capillary tube be replaced with another tube of insufficient l
ength then, we find 
water",(A) Will overflow,(B) Will not rise,(C) Depressed,(D) Change its meniscus,Answer: Option B,,PHYSICS,,,True
Rectifiers are used to convert,(A) Direct current to Alternating current,(B) Alternating current to Direct current,(C) High,(D) Low voltage to high voltage,Answer: Option B,,PHYSICS,,,True
Rectifiers are used to convert,(A) Minimum,(B) Maximum,(C) Zero,(D) Minimum or maximum,Answer: Option C,,PHYSICS,,,True
,(A) Move towards A,(B) Move towards B,(C) Move at right angles to the line joining A and B,(D) Remain at rest,Answer: Option B,,PHYSICS,,,True
"It takes much longer to cook fo
od in the hills than in the plains, because",(A) In the hills the atmospheric pressure is lower than that in the plains and therefore water,"(B) Due to low atmospheric pressure on th
e hills, the water boils at a temperature higher than",(C) In the hills the atmospheric density is low and therefore a lot of heat is lost to the,(D) In the hills the humidity is high and therefore a,Answer: Option A,,PHYSICS,,,True
Oil raise up the wick in a lamp. The principle involves,(A) The diffusion of oil through the wick,(B) The liquid state of oil,"(C) Capillary act
ion phenomenon",(D) Volatility of oil,Answer: Option C,,PHYSICS,,,True
,(A) Directly proportional to,(B) Inversely proportional to,(C) Directly proportional to square of,"(D) Inversely 
proportional to square of",Answer: Option D,,PHYSICS,,,True
"Out of the following pairs, which one does not have identical dimension?",(A) Moment of inertia and moment of a force,(B) Work and Torque,(C) Angular momentum and Planck's constant,"(D) Impulse and M
omentum",Answer: Option A,,PHYSICS,,,True
"On a stationary sail boat, air is blown from a fan attached to the boat. The boat",(A) Moves in opposite direction in which the air is blown,(B) Does not move,(C) Moves in the same direction in which air blows,"(D) Sp
ins around",Answer: Option B,,PHYSICS,,,True
Isotopes of an element contain,(A) The same number of protons but different number of neutrons,(B) The same number of neutrons but different number of protons,(C) Equal number of protons and electrons,"(D) Equal n
umber of nucleons",Answer: Option A,,PHYSICS,,,True
Identify the vector quantity from the following,(A) Heat,(B) Angular momentum,(C) Time,(D) Work,Answer: Option B,,PHYSICS,,,True
"An 
aeroplane",(A) 1200 m,(B) 0.33 km,(C) 3.33 km,(D) 33 km,Answer: Option C,,PHYSICS,,,True
"Photosynthesis take
s place faster in",(A) Yellow light(B) White light,(B) 0.33 km,(C) Red light,(D) Darkness,Answer: Option B,,PHYSICS,,,True
It is more difficult to walk on a sandy road than on a concrete road because,(A) Sand is soft and concreter is hard,"(B) The friction between sand 
and feet is less than that between concrete and feet",(C) The friction between sand and feet is more than that between concrete and feet,(D) The sand is grainy but concrete is smooth,Answer: Option B,,PHYSICS,,,True
Radiocarbon is produced in the atmosphere,(A) Collision between fast neutrons and nitrogen nuclei present in the atmosphere,(B) Action of ultraviolet light from the sun on atmospheric oxygen,(C) Action of solar radiations particularly cosmic rays on carbon dioxide present in the,(D) Lightning discharge in atmosphere,Answer: Option A,,PHYSICS,,,True
Radiocarbon is produced in the atmosphere,"(A) The heating effect of current alon
e",(B) Hysteresis loss alone,(C) Both the heating effect of current and hysteresis loss,(D) Intense sunlight at noon,Answer: Option C,,PHYSICS,,,True
"If two bodies of different masses, initially at rest, are acted upon by the same force for 
the same",(A) Velocity,(B) Momentum,(C) Acceleration(D) Kinetic energy,(D) Neobiology,Answer: Option B,,PHYSICS,,,True
"If two bodies of different masses, initially at rest, are acted upon by the same force for 
the same",(A) Amplitude,(B) Velocity,(C) Wavelength,(D) Frequency,Answer: Option A,,PHYSICS,,,True
RADAR is used for,(A) Locating submerged submarines,"(B) Receiving a 
signals in a radio receiver",(C) Locating geostationary satellites,(D) Detecting and locating the position of objects such as aeroplanes,Answer: Option D,,PHYSICS,,,True
Stars twinkle because,(A) The intensity of light emitted by them changes with time,"(B) 
The distance of the stars from the earth changes with time","(C) The refractive index of the different layers of the earth's atmosphere changes continuously,","(D) The light from the star is s
cattered by the dust particles and air molecules in the earth's",Answer: Option C,,PHYSICS,,,True
"Sound travels with a different speed in media. In what order does the velocity of sound 
increase in","(A) Water, iron and air","(B) Iron, a
ir and water","(C) Air, water and iron","(D) Iron, water and air",Answer: Option C,,PHYSICS,,,True
Light travels at the fastest speed in,(A) Glass,(B) Water,(C) Hydrogen,(D) Vacuum,Answer: Option D,,PHYSICS,,,True
"Light Emitting Diodes (LED) is used in fancy el
ectronic devices such as toys emit","(A) X
-
rays",(B) Ultraviolet light,(C) Visible light,(D) Radio waves,Answer: Option C,,PHYSICS,,,True
Supersonic plane fly with the speed,(A) Less than the speed of sound,(B) Of sound,(C) Greater than the speed of sound,(D),Answer: Option C,,PHYSICS,,,True
Primary rainbow is formed when light suffers,(A) Two internal refractions before emerging out of the drop,(B) One internal refractions before emerging out of the drop,(C) No internal refraction,"(D) Either one or t
wo internal refractions before emerging out of the drop",Answer: Option B,,PHYSICS,,,True
Rainbow is produced when sunlight fall on drops of rain. Which of the following physical,"(A) I, II and III",(B) I and II,(C) II and III,(D) I and III,Answer: Option C,,PHYSICS,,,True
"Rain is falling vertically downwards. To a man running east
-
wards, the rain will appear to 
be",(A) East,(B) West,(C) Northeast,(D) Southeast,Answer: Option A,,PHYSICS,,,True
Planets are,(A) Luminous heavenly bodies revolving around a star,"(B) Non
-
luminous heavenly bodies",(C) Luminous heavenly bodies that twinkle,(D) Luminous heavenly bodies that do not twinkle,Answer: Option B,,PHYSICS,,,True
Planets are,(A) An object existence,(B) A subject existence,(C) No existence,(D) Both subjective and objective existence,Answer: Option A,,PHYSICS,,,True
Metals are good conductors of electricity because,(A) They contain free electrons,"(B) The a
toms are lightly packed",(C) They have high melting point,(D) All of the above,Answer: Option A,,PHYSICS,,,True
"Find the maximum velocity for the overturn of a car moving on a circular track of radius 
100 m.",(A) 0.14 m/s,(B) 140 m/s,(C) 1.4 km/s,(D) 14 m/s,Answer: Option D,,PHYSICS,,,True
The ozone layer restricts,(A) Visible light,(B) Infrared radiation,"(C) X
-
rays and gamma rays",(D) Ultraviolet radiation,Answer: Option D,,PHYSICS,,,True
"When a mo
ving bus stops suddenly, the passenger are pushed forward because of the",(A) Friction between the earth and the bus,(B) Friction between the passengers and the earth(C) Inertia of the passengers,"(C) X
-
rays and gamma rays",(D) Inertia of the bus,Answer: Option C,,PHYSICS,,,True
"The v
elocity of sound in air (under normal condition) is",(A) 30 m/sec,(B) 320 m/sec,(C) 343 m/sec,"(D) 3,320 m/sec",Answer: Option C,,PHYSICS,,,True
"The v
elocity of sound in air (under normal condition) is","(A) Earth's gra
vitational pull",(B) Moon's gravitational pull,(C) Centripetal force due to the earth's rotation,(D) Pressure of the atmosphere,Answer: Option A,,PHYSICS,,,True
"If force is expressed in Newton and the distance in metre, then the work done is 
expressed in","(A) Earth's gra
vitational pull",(B) Kg wt,(C) Kg wt m,(D) Watt,Answer: Option A,,PHYSICS,,,True
Which is the closest planet to Earth?,(A) Mars,(B) Venus,(C) Jupiter,(D) Mercury,Answer: Option B,,PHYSICS,,,True
The planet which is farthest from the Sun is,(A) Uranus,(B) Saturn,(C),(D) Neptune,Answer: Option C,,PHYSICS,,,True
Mach number is used in connection with the speed of,(A) Sound,(B) Aircraft,(C) Spacecraft,(D) Ships,Answer: Option B,,PHYSICS,,,True
"Stars which appear single to the naked eye but are double when seen thr
ough a 
telescope are",(A) Novas and supernovas,(B) Binaries,(C) Asteroids,(D) Quasars,Answer: Option B,,PHYSICS,,,True
Solar eclipse will take place when,(A) The sun is between the moon and the earth,(B) The earth is between the moon and the sun,"(C) The moo
n is between the sun and the earth",(D) The moon does not lie on the line joining the sun and the earth,Answer: Option C,,PHYSICS,,,True
In which of the following industries is mica as a raw material?,(A) Cement,(B) Glass and Pottery,(C) Iron and Steel,"(D) 
Electrical",Answer: Option D,,PHYSICS,,,True
Radiocarbon dating technique is used to estimate the age of,(A) Rocks,(B) Monuments,(C) Soil,(D) Fossils,Answer: Option D,,PHYSICS,,,True
Radiocarbon dating technique is used to estimate the age of,(A) Marie Curie,"(B) Ernest Ruther
ford",(C) Henri Becquerel(D) Enrico Fermi,(D) Fossils,Answer: Option C,,PHYSICS,,,True
Mica is used in electrical appliances such as electric iron because mica is,(A) A good conductor of heat but a bad conductor of electricity,"(B) A bad conductor of heat but a good con
ductor of electricity",(C) A good conductor of heat as well as electricity,(D) A bad conductor of heat as well as electricity,Answer: Option A,,PHYSICS,,,True
The 'pulse' of the aquatic environment can be ascertained by measuring,(A) Nitrogen,(B) Oxygen,(C),(D) Conductivity,Answer: Option B,,PHYSICS,,,True
What is the function of a dynamo?,(A) To convert heat energy into light energy,(B) To convert light energy into heat energy,(C) To convert mechanical energy into electrical energy,"(D) To conve
rt electrical energy into mechanical energy",Answer: Option C,,PHYSICS,,,True
To produce sound it is necessary that,(A) The source should execute longitudinal vibrations,(B) The source should execute transverse vibrations,(C) The source may execute any type,(D) The vibrations of source are not necessary,Answer: Option C,,PHYSICS,,,True
Friction can be reduced by changing from,(A) Sliding to rolling,(B) Rolling to sliding,(C) Potential energy to kinetic energy,(D) Dynamic to static,"Answer: Optio
n A",,PHYSICS,,,True
Friction can be reduced by changing from,(A) The year would be longer,(B) The winters would be longer,(C) There would be no change of seasons,(D) The summers would be warmer,Answer: Option,,PHYSICS,,,True
Change of seasons occur due to,(A) I and II only,(B) II and III only,(C) I and III only,"(D) I, II and III",Answer: Option B,,PHYSICS,,,True
"When a ship crosses th
e International Date Line from West to East",(A) It losses one day,(B) It gains one day,(C) It loses half a day,(D) It gains half a day,Answer: Option A,,PHYSICS,,,True
A lunar eclipse occurs when,"(A) Sun, Moon and Earth are not in the same line","(B) Earth c
omes between the Sun and the Moon",(C) Moon comes between the Sun and the Earth,(D) Sun comes between the Earth and the Moon,Answer: Option B,,PHYSICS,,,True
,(A) Days are longer than nights,(B) Days and nights are equal,"(C) Days are shorter 
than nights",(D) None of these,Answer: Option B,,PHYSICS,,,True
"The technique of recording and reproducing three
-
dimensional images of objects is 
known as(A) Audiography",(A) Days are longer than nights,(B) Lexicography,(C) Holography,(D) Photography,Answer: Option C,,PHYSICS,,,True
"How mu
ch noise is produced when man breathes?",(A) 35 Decimal,(B) 0.1 Decimal,(C) 0.5 Decimal,(D) 10 Decimal,Answer: Option D,,PHYSICS,,,True
"Of the various non
-
conventional energy sources that are being tapped, which has the 
largest",(A) Water power,(B) 0.1 Decimal,(C) Solar power,(D) Biomass power,Answer: Option C,,PHYSICS,,,True
The absorption of ink by blotting paper involves,(A) Viscosity of ink,(B) Capillary action phenomenon,(C) Diffusion of ink through the blotting,(D) Siphon action,Answer: Option,,PHYSICS,,,True
Nuclear sizes are expressed in a unit named,(A) Fermi,(B) Angstrom,(C) Newton,(D) Tesla,Answer: Option A,,PHYSICS,,,True
Planets do not twinkle because,(A) They emit light of a constant intensity,"(B) Their distance from the earth does no
t change with time","(C) They are very far away from the earth resulting in decrease in intensity of light(D) They are 
nearer to earth and hence we receive a greater amount of light and, therefore",(D) Tesla,"Answer: 
Option D",,PHYSICS,,,True
"Out of the following pairs, choose the pair in which the physical quantities do not have 
identical",(A) Pressure and Young's modules,(B) Planck's constant and Angular momentum,(C) Impulse and moment of force,(D) Force and,Answer: Option C,,PHYSICS,,,True
Sound of frequency below 20 Hz is called,(A) Audio sounds,(B) Infrasonic,(C) Ultrasonic,(D) Supersonics,Answer: Option B,,PHYSICS,,,True
"On a clean glass plate a drop of water spreads to f
orm a thin layer whereas a drop of 
mercury",(A) Mercury is a metal,(B) Density of mercury is greater than that of water,(C) Cohesion of mercury is greater than its adhesion with glass,"(D) Cohesion of water is greater than it
s adhesion with glass",Answer: Option C,,PHYSICS,,,True
,(A) Steel,(B) Water,(C) Air,(D) Vacuum,Answer: Option A,,PHYSICS,,,True
Superconductors are substances which,(A) Conduct electricity at low temperature,"(B) Offer h
igh resistance to the flow of current",(C) Offer no resistance to the flow of electricity,(D) Conduct electricity at high temperatures,Answer: Option C,,PHYSICS,,,True
Radio telescopes are better than optical telescopes because,"(A) They can detect faint gal
axies which no optical telescope can",(B) They can work even in cloudy conditions,(C) They can work during the day and night,(D) All of the above,Answer: Option D,,PHYSICS,,,True
Mercury is commonly used as a thermometric fluid rather than water because,(A),(B) Specific heat of mercury is more than water,(C) Mercury has greater visibility than water,(D) Density of mercury is more than the water,Answer: Option C,,PHYSICS,,,True
"When light passes from air into glass 
it experiences change of",(A) Frequency and wavelength,(B) Frequency and speed,(C) Wavelength and speed,"(D) Frequency, wavelength and speed",Answer: Option C,,PHYSICS,,,True
When a given amount of air is cooled,"(A) The amount of moisture it can hold decrease
s",(B) Its absolute humidity decreases,(C) Its relative humidity remains constant,(D) Its absolute humidity increases,Answer: Option A,,PHYSICS,,,True
When cream is separated from milk,(A) The density of milk increases,(B) The density of milk decreases,"(C) 
The density of milk remains unchanged",(D) It becomes more viscous,Answer: Option A,,PHYSICS,,,True
Weight of an object put in a satellite orbiting in space around the earth is,(A) The same as on the earth,(B) Slightly more than that on the earth,"(C) Less t
han that on the earth(D) Reduced to zero",(D) It becomes more viscous,Answer: Option D,,PHYSICS,,,True
"The three abundant elements in the earth's crust are 
aluminum
, oxygen and silicon. The 
correct","(A) Oxygen, aluminium, silicon","(B) Aluminium, silicon, oxyg
en","(C) Oxygen, silicon, aluminium","(D) Silicon, oxygen, aluminium",Answer: Option C,,PHYSICS,,,True
"Out of the following, which is not emitted by radioactive substance?",(A) Electrons,(B) Electromagnetic radiations,(C) Alpha particles,(D) Neutrons,"Answer: Opt
ion D",,PHYSICS,,,True
"Materials for rain
-
proof coats and tents owe their water
-
proof properties to",(A) Surface tension,(B) Viscosity,(C) Specific gravity,(D) Elasticity,Answer: Option A,,PHYSICS,,,True
Pick out the scalar quantity,(A) Force,(B) Pressure,(C) Specific gravity,(D) Acceleration,Answer: Option B,,PHYSICS,,,True
"Of the following natural phenomena, tell which one known in Sanskrit as 'deer's thirst'?",(A) Rainbow,(B) Earthshine,(C) Halo,(D) Mirage,Answer: Option D,,PHYSICS,,,True
The buoyancy depends on,(A) Rainbow,(B) The mass of the body,(C) The mass of the liquid displaced,(D) The depth to which the body is immersed,Answer: Option C,,PHYSICS,,,True
"The ozone layer is being destroyed by chlorofluorocarbons. In this regard which do you 
consid
er as",(A) Carbon atom,(B) Chlorine atom,(C) Fluorine atom,(D) The entire compound,Answer: Option B,,PHYSICS,,,True
Venturi tube is used for,(A) Measuring intensity of earthquakes,(B) Measuring specific gravity,(C) Measuring density,"(D) Me
asuring flow of a fluid",Answer: Option D,,PHYSICS,,,True
The ozone layer restricts,(A) Visible light,(B) Infrared radiation,"(C) X
-
rays and gamma rays",(D) Ultraviolet radiation,Answer: Option D,,PHYSICS,,,True
"Free surface of a liquid behaves like a sheet a
nd tends to contract to the smallest 
possible area",(A) Force of adhesion,(B) Force of friction,(C) Centrifugal force,(D) Force of cohesion,Answer: Option D,,PHYSICS,,,True
,"(A) 2066 A.D.(B) 206
4 A.D.",(B) Force of friction,(C) 2062 A.D.,(D) 2060 A.D.,Answer: Option C,,PHYSICS,,,True
Summer solstice occurs in the Northern hemisphere,(A) March 21,(B) April 21,(C) May 21,(D) June 21,Answer: Option D,,PHYSICS,,,True
The ozone layer of the earth is useful for living beings,(A) It serves as the source of oxygen by decomposing air,(B) It maintains the nitrogen cycle of the earth,(C) It maintains the temperature of the earth,(D) It protects them from excessive ultraviolet rays of the sun,Answer: Option D,,PHYSICS,,,True
"When the Sun reaches its maximum distance from the equator, it is known as",(A) Solstice,(B) Eclipse,(C) Equinox,(D) Sidereal Day,Answer: Option A,,PHYSICS,,,True
"Imaginary lines drawn on a global map from pole to pole and from the perpendicular to 
the",(A) Contours,(B) Isobars,(C) Meridians,(D) Steppes,Answer: Option C,,PHYSICS,,,True
Gravity setting chambers are used in industries to remove,(A) SOX,(B) NOX,(C) Suspended particulate matter,(D) CO,Answer: Option C,,PHYSICS,,,True
"A pon
d may be referred to as","(A) An artificial eco
-
system","(B) A natural eco
-
system",(C) A biome,(D) A community of plants and animals,Answer: Option B,,PHYSICS,,,True
Fathometer is used to measure,(A) Earthquakes,(B) Rainfall,(C) Ocean depth,(D) Sound intensity,Answer: Option C,,PHYSICS,,,True
"At the equator, the duration of a day is",(A) 10 hrs,(B) 12 hrs,(C) 14 hrs,(D) 16 hrs,Answer: Option A,,PHYSICS,,,True
,"(A) Bending of light rays when they enter from one medium to anot
her medium",(B) Bending of light round the corners of obstacles and apertures,(C) Coming back of light from a bright smooth surface,(D) None of these,Answer: Option A,,PHYSICS,,,True
Fish plates in Railway tracks are used to,(A) Connect two rails,"(B) Join 
two coaches",(C) Guide the wheels,(D) Avoid fishes on the track,Answer: Option A,,PHYSICS,,,True
"On a night when the sky is clear, the temperature may dip considerably; on a cloudy 
night the",(A) The clear sky allows radiant energy to escape readily from the earth,"(B) On a cloudy night the clouds are warm and therefore retard the cooling(C) The clear sky 
allows the cold of outer space to reach the earth",(C) Guide the wheels,"(D) Current of air carries 
the heat away from the earth on a clear night",Answer: Option A,,PHYSICS,,,True
"Of the four locations mentioned below the highest inside temperature will be attained in 
the",(A) At sea level,"(B) At the t
op of Mt. Everest",(C) At a place in a valley below sea level,"(D) In an aeroplane flying at a height of 10,000 m with inside pressure maintained at the sea",Answer: Option C,,PHYSICS,,,True
"Optical 
fiber",(A) Principle of refraction,"(B) To
tal internal reflection",(C) Scattering,(D) Interference,Answer: Option B,,PHYSICS,,,True
Minimum numbers of unequal vectors which can give zero resultant are,(A) Two,(B) Three,(C) Four,(D) More than four,Answer: Option B,,PHYSICS,,,True
"One should not co
nnect a number of electrical appliances to the same power socket 
because",(A) This can damage the appliances due to overloading,(B) This can damage the domestic wiring due to overloading,(C) This can damage the electrical meter,"(D) The appliance will not ge
t full voltage",Answer: Option B,,PHYSICS,,,True
It is easier to roll a stone up a sloping road than to lift it vertical upwards because,(A) Work done in rolling is more than in lifting,(B) Work done in lifting the stone is equal to rolling it,"(C) Work don
e in both is same but the rate of doing work is less in rolling",(D) Work done in rolling a stone is less than in lifting it,Answer: Option D,,PHYSICS,,,True
"Sir C.V. Raman was awarded Nobel Prize for his work connected with which of the 
following",(A) Scattering,(B) Diffraction,(C) Interference,(D) Polarization,Answer: Option A,,PHYSICS,,,True
Mirage is due to,(A) Unequal heating of different parts of the atmosphere,(B) Magnetic disturbances in the atmosphere,"(C) Depletion of ozone 
layer in the atmosphere",(D) Equal heating of different parts of the atmosphere,Answer: Option A,,PHYSICS,,,True
Sound waves in air are,(A) Transverse,(B) Longitudinal,(C) Electromagnetic,"(D) 
Polarized",Answer: Option B,,PHYSICS,,,True
"Suitable impurities 
are added to a semiconductor depending on its use. This is done in 
order to",(A) Increase its life,(B) Enable it to withstand higher voltages,(C) Increase its electrical conductivity,(D) Increase its electrical resistivity,Answer: Option C,,PHYSICS,,,True
Railway tracks are banked on curves,(A) Necessary centrifugal force may be obtained from the horizontal component weight of the,(B) To avoid frictional force between the tracks and wheels,"(C) Necessary centripetal force may be obtained from the horiz
ontal component of the weight",(D) The train may not fly off in the opposite direction,Answer: Option C,,PHYSICS,,,True
"Light from the star, Alpha Centauri, which is nearest to the earth after the sun, reaches 
the earth",(A) 4.2 seconds,"(B) 4
2 seconds",(C) 4.2 years,(D) 42 years,Answer: Option C,,PHYSICS,,,True
"ML2T
-
2 is the dimensional formula for",(A) Moment of inertia,(B) Pressure,(C) Elasticity,(D) Couple acting on a body,Answer: Option D,,PHYSICS,,,True
"Large astronomical telescopes alway
s use as objective",(A) Lens,(B) Mirror,(C) Combinations of lenses,(D) None of the above,Answer: Option C,,PHYSICS,,,True
It is easier to roll a barrel full of coal tar than to pull it because,"(A) The full weight of the barrel comes into play when it is pu
lled",(B) The rolling friction is much less than the sliding friction,(C) More surface area of the barrel is in contact with the road when it is pulled,(D) Coal tar is a liquid and it flows in the barrel when it is rolled,Answer: Option B,,PHYSICS,,,True
"S
ound produced at a point is heard by a person after 5 second, w
hile the same sound is 
heard by 
another person after 6 seconds. If the speed of sound is 300 m/s
, what could be 
the maximum and 
minimum distances between the two persons?","(A) 1.8 km, 0.15 km",(B) The rolling friction is much less than the sliding friction,"(C) 2.8 km, 0.25 km","(D) 3.3 km, 0.30 km",Answer: Option D,,PHYSICS,,,True
Siphon will fail to work if,(A) The densities of the liquid in the two vessels are equal,(B) The level of the liquid in the two vessels is at the same height,"(C) Bot
h its limbs are of unequal length",(D) The temperature of the liquids in the two vessels is the same,Answer: Option B,,PHYSICS,,,True
Light from the Sun reaches us in nearly,(A) 2 minutes,(B) 4 minutes,(C) 8 minutes,(D) 16 minutes,Answer: Option C,,PHYSICS,,,True
Light from the Sun reaches us in nearly,(A) Dispersion,(B) Interference,(C) Diffraction,(D) Polarization,Answer: Option B,,PHYSICS,,,True
"Inside an aeroplane, flying at a high altitude","(A) The pressure is t
he same as that outside",(B) Normal atmospheric pressure is maintained by the use of air pumps,(C) The pressure inside is less than the pressure outside,(D) Normal humidity and partial vacuum are maintained,Answer: Option B,,PHYSICS,,,True
"The 23½° South l
atitude is known as",(A) The Tropic of Cancer,(B) The Tropic of Capricorn,(C) The Equator,(D) The Prime Meridian,Answer: Option B,,PHYSICS,,,True
"A man weighing 65 kg jumps from a 100 ft high building with a load 
of 35 kg. What wlii be 
the load 
experienced",(A) 20 kg,(B) 100 kg(C) 200 kg,(C) The Equator,(D) Zero,Answer: Option D,,PHYSICS,,,True
The universal law of gravitation was propounded by,(A) Kepler,(B) Galileo,(C) Newton,(D) Copernicus,Answer: Option C,,PHYSICS,,,True
"Summer solstice occurs in the Southern 
hemisphere on",(A) December 22,(B) January 22,(C) February 22,(D) February 28,Answer: Option A,,PHYSICS,,,True
Microphone is used to convert,(A) Sound waves into electrical energy,(B) Sound waves into light rays,(C) Electrical energy into sound waves,"(D) S
ound waves into magnetic currents",Answer: Option A,,PHYSICS,,,True
Steel is more elastic than Rubber because,(A) Its density is high,(B) It is a metal,(C) Ratio of stress to strain is more,(D) Ratio of stress to strain is less,Answer: Option C,,PHYSICS,,,True
Pressure cooker cooks rice faster because,(A) It always lets the steam escape,(B) High pressure crushes the hard covering of rice grains,(C) It does not let the heat energy escape easily,(D) High pressure raises the boiling point of water,"Answer: Opt
ion D",,PHYSICS,,,True
The clear sky looks blue because,(A) Reflection of light,(B) Refraction of light,(C) Diffraction of light,(D) Dispersion of light,Answer: Option D,,PHYSICS,,,True
The clear sky looks blue because,"(A) Hydrosp
here",(B) Atmosphere,(C) Lithosphere,(D) Troposphere,Answer: Option C,,PHYSICS,,,True
The normal threshold of hearing is around,"(A) 60
-
80 db","(B) 45
-
60 db","(C) 100
-
120 db","(D) 25
-
45 db",Answer: Option D,,PHYSICS,,,True
Ozone hole refers to,"(A) Hole in ozone l
ayer",(B) Decrease in the ozone layer in troposphere,(C) Decrease in thickness of ozone layer in stratosphere,(D) Increase in the thickness of ozone layer in troposphere,Answer: Option C,,PHYSICS,,,True
Ozone hole refers to,(A) Increases with temperature,(B) Decreases with temperature,(C) Does not change with temperature,(D) Becomes zero at very low temperature,Answer: Option D,,PHYSICS,,,True
"For seeing objects at the surface of water from a submarine u
nder water, the instrument 
used is",(A) Kaleidoscope,(B) Periscope,(C) Spectroscope,(D) Telescope,Answer: Option B,,PHYSICS,,,True
"If speed of rotation of the earth increases, weight of the body",(A) Increases,(B) Remains unchanged,(C) Decreases,"(D) May decr
ease or increase",Answer: Option C,,PHYSICS,,,True
The largest planet of the solar system is,(A) Earth,(B) Mars,(C) Jupiter,(D) Saturn,Answer: Option C,,PHYSICS,,,True
Which is the closest planet to Sun?,(A) Mars,(B) Venus,(C) Jupiter,(D) Mercury,"Answer: 
Option D",,PHYSICS,,,True
What is the instrument that determines specific gravity of liquids?,(A) Hygrometer,(B) Hydrometer,(C) Gravimeter,(D) Hypsometer,Answer: Option C,,PHYSICS,,,True
What is the instrument that determines specific gravity of liquids?,(A) To make fire,(B) To tame animals,"(C) 
To make a wheel",(D) To grow grain,Answer: Option A,,PHYSICS,,,True
"In the visible spectrum, the colour having the shortest wavelength is",(A) Green,(B) Yellow,(C) Violet,(D) Blue,Answer: Option C,,PHYSICS,,,True
"On a cold day when a room temperature is 15°
C, the metallic c
ap of a pen becomes much 
colder 
than its plastic body, though both are at the same temperature of 15°C, because",(A) Metals have higher thermal capacity than plastics,(B) Plastics have a lower density than metals,"(C) Metals are good conduct
or of heat",(D) Plastics have a higher thermal conductivity than metals,Answer: Option C,,PHYSICS,,,True
"On a cold day when a room temperature is 15°
C, the metallic c
ap of a pen becomes much 
colder 
than its plastic body, though both are at the same temperature of 15°C, because",(A) Coke,(B) Peat,(C) Coal tar,(D) Liquefied Petroleum Gas,Answer: Option C,, CHEMISTRY,,,True
"Photo
-
oxidation is",(A) Photorespiration,(B) Photolysis,(C) Light and oxygen induced breakdown,(D) All of the above,Answer: Option D,, CHEMISTRY,,,True
Which of the following gases is not a noble gas?,(A) Zenon,(B) Argon,(C) Helium,"(D) Chlorin
e",Answer: Option D,, CHEMISTRY,,,True
Liquids transmit pressure equally in all directions. This is known as,"(A) Boyle
-
Pascal's Law",(B) Pascal's Law,(C) Archimedes' Principle,(D) None of the above,Answer: Option B,, CHEMISTRY,,,True
Soil is formed from the parent,(A) Chemical decomposition,(B) Physical decomposition,(C) Biological decomposition,(D) All of the above,Answer: Option D,, CHEMISTRY,,,True
The exhaled air contains,(A) Chemical decomposition,"(B) A mixture which has more carbon dioxide than oxyg
en","(C) A mixture of carbon dioxide, nitrogen and oxygen in which nitrogen has the highest",(D) A mixture of carbon dioxide and nitrogen,Answer: Option C,, CHEMISTRY,,,True
The refrigerant commonly used for domestic refrigerators is,(A) Alcohol,"(B) A
mmonia",(C) Neon,(D) None of the above,Answer: Option B,, CHEMISTRY,,,True
RDX is,(A) An instrument to measure blood pressure,(B) A gene,(C) A chemical used in the manufacture of fertilisers,(D) An explosive,Answer: Option D,, CHEMISTRY,,,True
"O2 released in the 
process of photosynthesis comes from",(A) CO2,(B) Water,(C) Sugar,(D) Pyruvic acid,Answer: Option B,, CHEMISTRY,,,True
Which of the following diffuses most quickly?,(A) Solid,(B) Gas,(C) Liquid,(D) None of these,Answer: Option B,, CHEMISTRY,,,True
"The oldest rock
s in the earth's crust were once molten, and came 
from deep inside the 
earth. The 
molten rock, called magma, spewed out in volcanic eruptions du
ring the 
",(A) Granite,(B) Basalt,(C) Igneous rocks,"(D) S
edimentary rocks",Answer: Option C,, CHEMISTRY,,,True
The heat required to raise the temperature of body by 1K is called,(A) Specific heat,(B) Thermal capacity,(C) Water equivalent,(D) None of the above,Answer: Option B,, CHEMISTRY,,,True
,"(A) This acid, in ancient times, was used to eliminate ant
-
hills",(B) This corrosive acid is secreted by ants to drive away their enemies,"(C) This acid was first obtained by the distil
lation of ants",(D) Ants are attracted by the odour of this acid,Answer: Option C,, CHEMISTRY,,,True
The heat energy produced when the human body metabolises 1 gram of fat is,(A) 30 KJ,(B) 1 KJ,(C) 39 KJ,(D) 29 KJ,Answer: Option C,, CHEMISTRY,,,True
The number of,(A) 1.568 × 103,(B) 6.023 × 1019,(C) 4.84 × 1017,(D) 6.023 × 1023,Answer: Option B,, CHEMISTRY,,,True
The mass number of a nucleus is,(A) Always less than its atomic number,(B) The sum of the number of protons and neutrons present in the nucleus,(C) Always more than the atomic weight,(D) A fraction,Answer: Option B,, CHEMISTRY,,,True
The method that cannot be used for removing permanent hardness of water is,"(A) Adding sodium carb
onate",(B) Distillation,(C) Adding caustic soda,(D) Boiling,Answer: Option D,, CHEMISTRY,,,True
The molecule which has the highest percentage of ionic character among the following is,(A) HI,(B) HF,(C) HCI,(D) HBr,Answer: Option B,, CHEMISTRY,,,True
"The 
ionization",(A) 5x/36,(B) 5x,(C) 7.2 x,(D) x/6,Answer: Option A,, CHEMISTRY,,,True
The mineral containing both magnesium and calcium is,"(A) M
agnesite",(B) Calcite,(C) Carnallite,(D) Dolomite,Answer: Option D,, CHEMISTRY,,,True
Lime is sometimes applied to soil in order to,(A) Increase the alkalinity of the soil,(B) Increase the acidity of the soil,(C) Restore nitrates to the soil,"(D) Make the soil 
more porous",Answer: Option A,, CHEMISTRY,,,True
Which of the following chemicals is useful in photography?,(A) Aluminium hydroxide,(B) Potassium nitrate(C) Silver bromide,(C) Restore nitrates to the soil,(D) Sodium chloride,Answer: Option C,, CHEMISTRY,,,True
"Water is a good solvent of ionic sa
lts because",(A) It has a high boiling point,(B) It has a high dipole moment,(C) It has a high specific heat,(D) It has no colour,Answer: Option B,, CHEMISTRY,,,True
Ordinary table salt is sodium chloride. What is baking soda?,(A) Potassium chloride,"(B) Potass
ium carbonate",(C) Potassium hydroxide,(D) Sodium bicarbonate,Answer: Option D,, CHEMISTRY,,,True
Ordinary table salt is sodium chloride. What is baking soda?,(A) Heat is absorbed,(B) Heat is released,(C) Quantity of heat remains unchanged,(D) None of these,"Answer: Opti
on A",, CHEMISTRY,,,True
"The air we inhale is mixture of gases. Which of the following gases in the mixture is 
highest in",(A) Carbon dioxide,(B) Nitrogen,(C) Oxygen,(D) Ozone,Answer: Option B,, CHEMISTRY,,,True
"The chief constituent of 
gob
bar",(A) Ethane,(B) Methane,(C) Hydrogen,(D) Carbon dioxide,Answer: Option B,, CHEMISTRY,,,True
The reaction which converts sugar solution into alcohol is an example of,(A) Saponification,(B) Hydrogenation,(C) Fermentation,(D) Hydrolysis,Answer: Option C,, CHEMISTRY,,,True
The reaction which converts sugar solution into alcohol is an example of,(A) Sugar and paper,(B) Butter and paraffin wax,(C) Chalk and marble,(D) Charcoal and diamond,Answer: Option B,, CHEMISTRY,,,True
"The agent whi
ch is oxidized in photosynthesis is",(A) Sunlight,(B) Carbon dioxide,(C) Water,(D) Chlorophyll,Answer: Option D,, CHEMISTRY,,,True
"The following are the half lives of four active isotopes. Which one of the following is the 
most","(A) 3 billi
on years",(B) 100 years,(C) 0.01 minute,(D) 13 days,Answer: Option C,, CHEMISTRY,,,True
The high reactivity of fluorine is due to,(A) Its high electro negativity,(B) Small size of fluorine atom,"(C) Availability of d
-
orbitals","(D) Strong F 
-","Answer: Optio
n A",, CHEMISTRY,,,True
The metal does not give H2 on treatment with dilute HCL is,(A) Zn(B) Fe,(B) Small size of fluorine atom,(C) Ag,(D) Ca,Answer: Option C,, CHEMISTRY,,,True
The maximum number of isomers for an alkene with molecular formula C4H8 is,(A) 5,(B) 4,(C) 2,(D) 3,Answer: Option B,, CHEMISTRY,,,True
The maximum number of isomers for an alkene with molecular formula C4H8 is,(A) Carbon,(B) Hydrogen,(C) Oxygen,(D) Nitrogen,Answer: Option C,, CHEMISTRY,,,True
"The number of atoms present in 21.6 g
ram of silver (atomic weight = 108) are same as the",(A) 1.8 gram of H2O,(B) 12 moles of KMnO4,(C) 0.6 N H2SO4,(D) 4.6 gram of C2H5OH,Answer: Option B,, CHEMISTRY,,,True
"The formula C6H5
-
CO
-
CH3 represents",(A) Acetone,(B) Acetic acid,"(C) Acetopheno
ne",(D) Phenyl acetate,Answer: Option C,, CHEMISTRY,,,True
"The names of the scientists, Newlands, Mendeleev, and Meyer are associated with the",(A) Atomic structure,(B) Metallurgy,(C) Periodic table of contents(D) Discovery of elements,(D) Phenyl acetate,"Answer: Op
tion C",, CHEMISTRY,,,True
The metal that is used as a catalyst in the hydrogenation of oils is,(A) Ni,(B) Pb,(C) Cu,(D) Pt,Answer: Option A,, CHEMISTRY,,,True
The number of moles of solute present in 1 kg of a solvent is called its,(A) Molality,(B) Molarity,"(C) 
Normality",(D) Formality,Answer: Option A,, CHEMISTRY,,,True
"Nowadays many novel chemicals are being synthesized termed as xenobiotics. The 
unique feature","(A) I, III","(B) II, III","(C) I, III, IV","(D) II, III, IV",Answer: Option B,, CHEMISTRY,,,True
Soil acidity is generally corrected by,(A) Proper irrigation,(B) Adding sodium hydroxide,(C) Liming,(D) Application of fertilizers,"Answer: Op
tion C",, CHEMISTRY,,,True
Recently lead free petrol was introduced in our country because,"(A) They are not needed now as anti
-
knock agents",(B) They tower the efficiency of the engine,(C) They cause less pollution(D) To reduce the cost of petrol,(D) Application of fertilizers,Answer: Option,, CHEMISTRY,,,True
Sulphur is not present in,(A) Iron pyrites,(B) Gypsum,(C) Coal,(D) Chlorapatite,Answer: Option D,, CHEMISTRY,,,True
The purest form of water can be obtained from,"(A) A deep tube
-
well",(B) A running stream,(C) A hot water spring,(D) A heavy shower of rain,Answer: Option D,, CHEMISTRY,,,True
The main use of salt in the diet is to,(A) Make the taste,(B) Produce in small amounts the hydrochloric acid required for the digestion of food,(C) Ease the process of cooking,(D) Increase the solubility of food particles in water,Answer: Option B,, CHEMISTRY,,,True
The main use of salt in the diet is to,(A) Coconut oil,(B) Olive oil,(C) Kerosene oil,(D) Pine oil,Answer: Option D,, CHEMISTRY,,,True
"The ionic radii of N3
-
, O2
-
, F
-","(A) N3
-","(B) N3
-","(C) Na+ > O2
-","(D) O2
-",Answer: Option A,, CHEMISTRY,,,True
"The ionic radii of N3
-
, O2
-
, F
-",(A) Na,(B) Ag,(C) Hg,(D) Fe,Answer: Option D,, CHEMISTRY,,,True
The main buffer system of the human blood is,"(A) H2CO3 
-","(B) H2CO3 
-","(C) CH3COOH 
-","(D) NH2CONH2 
-",Answer: Option A,, CHEMISTRY,,,True
"T
he octane number of zero is assigned to","(A) 2
-
methyl octane","(B) n
-
heptane","(C) iso
-
octane","(D) 3
-
methyl octane",Answer: Option B,, CHEMISTRY,,,True
"T
he octane number of zero is assigned to",(A) Electrons,(B) Positrons,(C) Neutrons,(D) Mesons,Answer: Option D,, CHEMISTRY,,,True
The number of waves in n × 10th Bohr's orbit are,(A) n2,(B) n,"(C) n
-
2",(D) n3,Answer: Option B,, CHEMISTRY,,,True
The gas used for artificial ripening of green fruit is,(A) Ethylene,(B) Ethane,(C) Carbon dioxide,"(D) 
Acetylene",Answer: Option A,, CHEMISTRY,,,True
The gas used for artificial ripening of green fruit is,(A) 1 gram of molecule,(B) 0.5 gram of molecule,(C) 5 gram of molecule,(D) 10 gram of molecule,Answer: Option C,, CHEMISTRY,,,True
"The number of electr
ons presents in H+ is",(A) Zero,(B) One,(C) Two,(D) Three,Answer: Option A,, CHEMISTRY,,,True
"The number of waves made by an electron moving in an orbit 
having maximum magnetic 
quantum 
number is +3",(A) 4,(B) 5,(C) 2,(D) 0,Answer: Option A,, CHEMISTRY,,,True
"The m
ethod of concentrating the ore which makes use of the difference in density 
between ore",(A) Liquation(B) Leaching,(B) 5,(C) Levigation,(D) Magnetic separation,Answer: Option C,, CHEMISTRY,,,True
The metallurgical process in which a metal is,(A) Smelting,(B) Roasting,(C) Calcinations,(D) Froth floatation,Answer: Option A,, CHEMISTRY,,,True
The most commonly used bleaching agent is,(A) Alcohol,(B) Carbon dioxide,(C) Chlorine,(D) Sodium chlorine,Answer: Option C,, CHEMISTRY,,,True
The ore which is found in abundance in India is,(A) Monazite,(B) Fluorspar,(C) Bauxite,(D) Magnetite,Answer: Option A,, CHEMISTRY,,,True
The mass of one Avogadro number of helium atom is,(A) 1.00 gram,(B) 4.00 gram,(C) 8.00 gram,"(D) 4 × 6.02 
× 1023 gram",Answer: Option B,, CHEMISTRY,,,True
The hydronium ion is,(A) H+,"(B) HO
-","(C) H

+",(D) H3O+,Answer: Option D,, CHEMISTRY,,,True
The hydronium ion is,(A) Orissa coast,(B) Travancore coast,(C) West Bengal coast,(D) Gujarat coast,Answer: Option B,, CHEMISTRY,,,True
"Th
e isomerism which exists between CH3CHCI2 and CH2CI. CH2CI is",(A) Chain isomerism,(B) Functional group isomerism,(C) Positional isomerism,(D) Metamerism,Answer: Option C,, CHEMISTRY,,,True
The mass number of an atom is equal to,(A) The number of protons,"(B) T
he number of protons and electrons",(C) The number of nucleons,(D) The number of neutrons,Answer: Option C,, CHEMISTRY,,,True
The molecular formula of phosphorous is,(A) P1,(B) P2,(C) P3,(D) P4,Answer: Option D,, CHEMISTRY,,,True
"The law which states that the amo
unt of gas dissolved in a liquid is proportional to its 
partial",(A) Dalton's law,(B) Gay Lussac's law,(C) Henry's law,(D) Raoult's law,Answer: Option C,, CHEMISTRY,,,True
"The gas present in the stratosphere which filters out some of the sun's ultr
aviolet light 
and",(A) Helium(B) Ozone,(B) Gay Lussac's law,(C) Oxygen,(D) Methane,Answer: Option B,, CHEMISTRY,,,True
"What are the numbers of moles of CO

 which contains 16 g of oxygen?",(A) 0.5 mole,(B) 0.2 mole,(C) 0.4 mole,(D) 0.25 mole,Answer: Option A,, CHEMISTRY,,,True
"The inexpensive and commonly used variety of glass is called soda glass. It is called so 
because","(A) W
as used initially for making bottles of soda(carbonated drink)",(B) Is made using soda(sodium carbonate),(C) Was initially used for storing sodium carbonate,(D) Is made using soda lime,Answer: Option B,, CHEMISTRY,,,True
The iron ore magnetite consists of,"(A) 
Fe2O3",(B) Fe3OH4,(C) FeCO3,(D) 3Fe2O3 & 3H2O,Answer: Option A,, CHEMISTRY,,,True
"The most important ore of 
aluminum",(A) Bauxite,(B) Magnetite,"(C) 
Hematite",(D) Monazite,Answer: Option A,, CHEMISTRY,,,True
"The National Chemical Laboratory (INDIA) is situated 
in",(A) New Delhi,(B) Bangalore,(C) Pune,(D) Patna,Answer: Option C,, CHEMISTRY,,,True
The main active constituent of tea and coffee is,(A) Nicotine,(B) Chlorophyll,(C) Caffeine,(D) Aspirin,Answer: Option C,, CHEMISTRY,,,True
"Equal masses of oxygen, hydrogen and m
ethane are kept under ide
ntical conditions. The 
ratio of 
the volumes of gases will be",(A) 2 : 16 : 2,(B) 2 : 16 : 1,(C) 1 : 16 : 2,(D) 1 : 1 : 1,Answer: Option C,, CHEMISTRY,,,True
"The number of d
-
electrons in Fe2+ (Z = 26) is not equal to that of","(A) p
-
elect
rons in Ne (Z = 10)","(B) s
-
electrons in Mg (Z = 12)","(C) d
-
electrons in Fe (Z = 26)","(D) p
-
electrons in CI (Z = 17)",Answer: Option D,, CHEMISTRY,,,True
The inherited traits of an organism are controlled by,(A) RNA molecules,(B) Nucleotides,(C) DNA molecules,"(D) 
Enzymes",Answer: Option C,, CHEMISTRY,,,True
"The items amenable to detection by soft x
-
rays are",(A) Contrabands,(B) Lead in bullets,(C) Narcotics,(D) Genuine coins from counterfeit coins,Answer: Option D,, CHEMISTRY,,,True
"Zone refining is used for the purificati
on of",(A) Au,(B) Ge(C) Ag,(C) Narcotics,(D) Cu,Answer: Option B,, CHEMISTRY,,,True
The hardest form of carbon is,(A) Coke,(B) Graphite,(C) Diamond,(D) Charcoal,Answer: Option C,, CHEMISTRY,,,True
The inert gases are _________ in water,(A) Sparingly soluble,(B) Insoluble,"(C) S
oluble",(D) None of these,Answer: Option A,, CHEMISTRY,,,True
The most electronegative element among the following is,(A) Sodium,(B) Bromine,(C) Fluorine,(D) Oxygen,Answer: Option C,, CHEMISTRY,,,True
The luster of a metal is due to,(A) Its high density,"(B) Its h
igh polishing",(C) Its chemical inertness,(D) Presence of free electrons,Answer: Option D,, CHEMISTRY,,,True
The luster of a metal is due to,(A) An addition reaction,"(B) A condensatio
n reaction",(C) An oxidation reaction,(D) An elimination reaction,Answer: Option B,, CHEMISTRY,,,True
The nucleus of an atom consists of,(A) Electrons and neutrons,(B) Electrons and protons,(C) Protons and neutrons,(D) All of the above,Answer: Option C,, CHEMISTRY,,,True
The nucleus of an atom consists of,(A) He,(B) Ne,(C) Ar,(D) Xe,Answer: Option C,, CHEMISTRY,,,True
The first metal used by man was,(A) Iron,(B) Copper,(C) Gold,(D) Bronze,Answer: Option B,, CHEMISTRY,,,True
"The molecules of which gas have hi
ghest speed?","(A) H2 at 
-
73°C",(B) CH4 at 300 K,"(C) N2 at 1,027°C",(D) O2 at 0°C,Answer: Option A,, CHEMISTRY,,,True
The nucleus of a hydrogen atom consists of,(A) 1 proton only,(B) 1 proton + 2 neutrons,(C) 1 neutron only,(D) 1 electron only,Answer: Option A,, CHEMISTRY,,,True
The nucleus of a hydrogen atom consists of,(A) 2.05 gram,(B) 3.05 gram,(C) 4.05 gram(D) 5.05 gram,(D) 1 electron only,Answer: Option B,, CHEMISTRY,,,True
The monomer of polythene is,(A) Vinyl chloride,"(B) Ethy
lene",(C) Ethyl alcohol,(D) None of the above,Answer: Option B,, CHEMISTRY,,,True
The most malleable metal is,(A) Platinum,(B) Silver,(C) Iron,(D) Gold,Answer: Option D,, CHEMISTRY,,,True
The most malleable metal is,"(A) Hydr
ogen",(B) Oxygen,(C) Nitrogen,(D) Carbon dioxide,Answer: Option A,, CHEMISTRY,,,True
The most electropositive elements among the following is,(A) Na,(B) Ca,(C) K,(D) Cs,Answer: Option D,, CHEMISTRY,,,True
The main chemical constituent of the oil of cardamom which,(A) Cineole,(B) Engenol,(C) Geraniol,(D) Limonene,Answer: Option A,, CHEMISTRY,,,True
The major constituent of air is(A) Nitrogen,(A) Cineole,(B) Carbon dioxide,(C) Oxygen,(D) Hydrogen,Answer: Option A,, CHEMISTRY,,,True
"The main 
chemical constituent of clay is",(A) Silicon oxide,(B) Aluminium borosilicate,(C) Zeolites,(D) Aluminium silicate,Answer: Option D,, CHEMISTRY,,,True
Most commonly used bleaching agent is,(A) Alcohol,(B) Carbon dioxide,(C) Chlorine,(D) Sodium chloride,Answer:,, CHEMISTRY,,,True
The electron was first identified by,(A) J. J. Thompson,(B) J. Kepler,(C) D. Rutherford,(D) James Chadwick,Answer: Option A,, CHEMISTRY,,,True
For purifying drinking water alum is used,(A) For coagulation of mud particles,"(B) To ki
ll bacteria",(C) To remove salts,(D) To remove gases,Answer: Option A,, CHEMISTRY,,,True
Which is the future fuel?,(A) Ethanol,(B) Hydrogen,(C) Methane,(D) Natural Gas,Answer: Option D,, CHEMISTRY,,,True
,(A) Photon,(B) Positron,(C) Muon,(D) Quark,Answer: Option B,, CHEMISTRY,,,True
The chemical symbol of Sodium is,(A) S,(B) So,(C) Na,(D) K,Answer: Option C,, CHEMISTRY,,,True
N2 content is kept constant in the biosphere due to,(A) N2 fixation,"(B) Industria
l pollution",(C) Nitrogen cycle,(D) Absorption of N2,Answer: Option C,, CHEMISTRY,,,True
,(A) By cyanobacteria,(B) By electrical discharges in the atmosphere,"(C) 
By industrially 
synthesized",(D) By denitrification,Answer: Option D,, CHEMISTRY,,,True
Which of the following gases is used for ripening the fruits?,(A) Methane,(B) Ethane,(C) Ethylene,(D) Acetylene,Answer: Option C,, CHEMISTRY,,,True
"Besides hydrog
en, which of the following elements is common in organic compounds?",(A) Phosphorus,(B) Sulphur,(C) Nitrogen,(D) Carbon,Answer: Option D,, CHEMISTRY,,,True
,(A) Luminous zone,(B) Dark zone,(C) Blue zone,"(D) Non
-
lumi
nous zone",Answer: Option D,, CHEMISTRY,,,True
"The half life period of an isotope is 2 hours. After 6 hours what fraction of the initial 
quantity of",(A) 1/6,(B) 1/3,(C) 1/8,(D) 1/4,Answer: Option C,, CHEMISTRY,,,True
The maximum,(A) 1,(B) 2,(C) 3,(D) 4,Answer: Option D,, CHEMISTRY,,,True
The metal that is usually extracted from sea water is,(A) Ca,(B) Na,(C) K,(D) Mg,Answer: Option D,, CHEMISTRY,,,True
Potassium nitrate is used in,(A) Medicine,(B) Fertiliser,(C) Salt,(D) Glass,Answer: Option B,, CHEMISTRY,,,True
What is laughing gas?,(A) Nitrous Oxide,(B) Carbon monoxide(C) Sulphur dioxide,(C) Salt,(D) Hydrogen peroxide,Answer: Option A,, CHEMISTRY,,,True
Soda water contains,(A) Carbonic acid,"(B) Sulphuric 
acid",(C) Carbon dioxide,(D) Nitrous acid,Answer: Option C,, CHEMISTRY,,,True
Marsh gas is,(A) Nitrogen,(B) Ethane,(C) Methane,(D) Hydrogen,Answer: Option C,, CHEMISTRY,,,True
LPG consists of mainly,"(A) Methane, ethane and hexane","(B) Ethane, hexane and nonane",(C) Methane,"(D) Methane, butane and propane",Answer: Option D,, CHEMISTRY,,,True
Most soluble in water is,(A) Camphor,(B) Sulphur,(C) Common salt,(D) Sugar,Answer: Option D,, CHEMISTRY,,,True
"Permanent hardness of water may be removed by the a
ddition of",(A) Sodium carbonate,(B) Alum,(C) Potassium permanganate,(D) Lime,Answer: Option A,, CHEMISTRY,,,True
Air is a/an,(A) Compound,(B) Element,(C) Electrolyte,(D) Mixture,Answer: Option D,, CHEMISTRY,,,True
"Which of the following is not an isotope of hyd
rogen?",(A) Tritium,(B) Deuterium,(C) Protium,(D) Yttrium,Answer: Option D,, CHEMISTRY,,,True
"Potassium Permanganate is used for purifying drinking water, because",(A) It is a sterilising agent,(B) It dissolves the impurities of water,"(C) It is a reducing agen
t",(D) It is an oxidising agent,Answer: Option D,, CHEMISTRY,,,True
The property of a substance to absorb moisture from the air on exposure is called,(A) Osmosis,(B) Deliquescence,(C) Efflorescence,(D) Desiccation,Answer: Option B,, CHEMISTRY,,,True
"The chemica
l (ethyl mercaptan) added to the otherwise odourless 
LPG cooking gas for 
imparting a 
detectable smell to the gas is a compound of",(A) Bromine,(B) Fluorine,(C) Chlorine,(D) Sulphur,Answer: Option D,, CHEMISTRY,,,True
Permanent hardness of water can be removed,(A) Chlorine,(B) Washing soda(C) Potassium permanganate,(C) Chlorine,(D) Bleaching powder,Answer: Option B,, CHEMISTRY,,,True
Washing soda is the common name for,(A) Sodium carbonate,(B) Calcium bicarbonate,(C) Sodium bicarbonate,(D) Calcium carbonate,"Answer: 
Option A",, CHEMISTRY,,,True
Tetraethyl lead is used as,(A) Pain killer,(B) Fire extinguisher,(C) Mosquito repellent,(D) Petrol additive,Answer: Option D,, CHEMISTRY,,,True
"The inert gas which is substituted for nitrogen in the air used by deep sea divers for 
b
reathing, is",(A) Argon,(B) Xenon,(C) Helium,(D) Krypton,Answer: Option C,, CHEMISTRY,,,True
Heavy water is,(A) Deuterium oxide,(B) PH7,(C) Rain water,(D) Tritium oxide,Answer: Option A,, CHEMISTRY,,,True
Balloons are filled with,(A) Nitrogen,(B) Helium,"(C) Oxy
gen",(D) Argon,Answer: Option B,, CHEMISTRY,,,True
Bromine is a,(A) Black solid,(B) Red liquid,(C) Colourless gas,(D) Highly inflammable gas,Answer: Option B,, CHEMISTRY,,,True
Which of the gas is not known as green house gas?,(A) Methane,(B) Nitrous oxide,(C) Carbon dioxide,(D) Hydrogen,Answer: Option D,, CHEMISTRY,,,True
Water is a good solvent of ionic salts because,(A) It has a high specific heat,(B) It has no colour,(C) It has a high dipole moment,(D) It has a high boiling point,Answer: Option C,, CHEMISTRY,,,True
Water is a good solvent of ionic salts because,(A) Bicarbonates,(B) Bismuthates,(C) Sulphonates,(D) Nitrates,Answer: Option C,, CHEMISTRY,,,True
